ts	phase	decision	why	evidence	result
2026-10-03T14:29:04Z	frame	Partition the hunt into collections, editing, and rendering	Separate mutable working trees so concurrent fixes cannot overwrite each other	2871302c7d54ad7633a86c5925f00049e1ccc921	open
2026-10-03T14:29:49Z	baseline	Accept the baseline full test suite	The sandbox blocked the browser test port; rerunning with local networking passed	docs/bug-hunt/baseline-tests.log	tests green
2026-10-03T14:37:17Z	reproduction	Confirm all five defects on untouched baseline code	Root ran the regression tests and drove the original binaries in the browser	docs/bug-hunt/regressions-before.txt	failures reproduced
2026-10-03T14:43:48Z	integration	Integrate the five confirmed fixes with their preceding regression commits	Each fix passes its focused tests before the next is integrated	d58381b	focused tests green
2026-10-03T14:43:48Z	review	Add an incremental Unicode input regression after independent review	Separately inserted combining marks leave stored indices that differ from joined text grapheme indices	/private/tmp/terma-bug-hunt-20261003/editing-review-repro/main.go	open
2026-10-03T14:51:46Z	review	Return visible children directly after two renderer review findings	Literal Stack behavior and legacy float collection must match an unwrapped child	b7d27ab,56e4865,d27d98a	review regressions pass
2026-10-03T14:51:46Z	verification	Pass full tests, race tests, build, vet, and fresh code review	The combined branch must satisfy repository CI checks and independent review	docs/bug-hunt/review.txt	tests green
2026-10-03T14:55:25Z	review	Resolve incremental Unicode cursor drift	Normalize stored prefix positions before autocomplete reads the joined text	4ab6066,e145e3e,docs/bug-hunt/editing-review-before.txt	review regression passes
2026-10-03T14:55:25Z	browser	Verify all five original triggers in live baseline and fixed apps	Tests need matching browser evidence for editing, navigation, layout, and mouse behavior	docs/bug-hunt/browser-verification.txt	browser checks pass
2026-10-03T14:55:25Z	report	Use a combining accent for legible Unicode comparison screenshots	The browser terminal renders joined-emoji widths inconsistently; the accent reproduces the same cursor-unit crash	docs/bug-hunt/browser-verification.txt	captured both baseline crash and editable fixed result
2026-10-03T14:58:20Z	audit	Supersede the temporary review evidence pointer in the 14:43:48Z row	Committed regression and saved output must remain accessible after temporary clones are removed	4ab6066,docs/bug-hunt/editing-review-before.txt	durable evidence recorded
2026-10-03T14:58:20Z	audit	Narrow browser evidence and callback claims after independent audit	Screenshots cover original defects; callback tests check value rather than invocation count	docs/bug-hunt/index.html	all three audit flags addressed
2026-10-03T14:59:06Z	delivery	Prepare one merge-ready branch and one pull request with the report	User requested all accepted fixes together for review	codex/terma-bug-hunt	local verification complete
